caso,data,dias_desde_estopim,fase,papel,mencoes,mencoes_dia,parcela_dia,contas,de_acusadores,de_defensores,de_neutros,n_nos,nd
arthur_do_val,2022-02-25,-7,pre_crise,aliado_do_alvo,25,1755,0.014245014245014245,5,0.88,0.08,0.04,818,False
arthur_do_val,2022-02-25,-7,pre_crise,alvo,899,1755,0.5122507122507123,1,0.6852057842046718,0.09343715239154617,0.22135706340378197,818,False
arthur_do_val,2022-02-25,-7,pre_crise,demais,531,1755,0.30256410256410254,190,0.6629001883239172,0.07344632768361582,0.263653483992467,818,False
arthur_do_val,2022-02-25,-7,pre_crise,outro,297,1755,0.16923076923076924,4,0.622895622895623,0.08417508417508418,0.29292929292929293,818,False
arthur_do_val,2022-02-25,-7,pre_crise,veiculo,3,1755,0.0017094017094017094,1,0.6666666666666666,0.0,0.3333333333333333,818,False
arthur_do_val,2022-02-26,-6,pre_crise,aliado_do_alvo,32,743,0.04306864064602961,4,0.40625,0.3125,0.28125,408,False
arthur_do_val,2022-02-26,-6,pre_crise,alvo,350,743,0.47106325706594887,1,0.6257142857142857,0.16285714285714287,0.21142857142857144,408,False
arthur_do_val,2022-02-26,-6,pre_crise,demais,246,743,0.3310901749663526,129,0.6097560975609756,0.15853658536585366,0.23170731707317074,408,False
arthur_do_val,2022-02-26,-6,pre_crise,lider_acusacao,1,743,0.0013458950201884253,1,0.0,1.0,0.0,408,False
arthur_do_val,2022-02-26,-6,pre_crise,outro,114,743,0.15343203230148048,2,0.6491228070175439,0.10526315789473684,0.24561403508771928,408,False
arthur_do_val,2022-02-27,-5,pre_crise,aliado_do_alvo,18,488,0.036885245901639344,4,0.6111111111111112,0.16666666666666666,0.2222222222222222,341,False
arthur_do_val,2022-02-27,-5,pre_crise,alvo,283,488,0.5799180327868853,1,0.7279151943462897,0.08833922261484099,0.18374558303886926,341,False
arthur_do_val,2022-02-27,-5,pre_crise,demais,166,488,0.3401639344262295,96,0.7228915662650602,0.0783132530120482,0.19879518072289157,341,False
arthur_do_val,2022-02-27,-5,pre_crise,lider_acusacao,6,488,0.012295081967213115,1,0.8333333333333334,0.16666666666666666,0.0,341,False
arthur_do_val,2022-02-27,-5,pre_crise,outro,15,488,0.030737704918032786,2,0.8,0.0,0.2,341,False
arthur_do_val,2022-02-28,-4,pre_crise,aliado_do_alvo,290,2552,0.11363636363636363,5,0.6413793103448275,0.14482758620689656,0.21379310344827587,1113,False
arthur_do_val,2022-02-28,-4,pre_crise,alvo,1012,2552,0.39655172413793105,1,0.7045454545454546,0.11758893280632411,0.17786561264822134,1113,False
arthur_do_val,2022-02-28,-4,pre_crise,demais,660,2552,0.25862068965517243,317,0.6106060606060606,0.1393939393939394,0.25,1113,False
arthur_do_val,2022-02-28,-4,pre_crise,instituicao_legitimadora,14,2552,0.0054858934169279,3,0.9285714285714286,0.07142857142857142,0.0,1113,False
arthur_do_val,2022-02-28,-4,pre_crise,lider_acusacao,17,2552,0.0066614420062695925,1,0.5294117647058824,0.47058823529411764,0.0,1113,False
arthur_do_val,2022-02-28,-4,pre_crise,outro,548,2552,0.21473354231974923,5,0.7062043795620438,0.1332116788321168,0.16058394160583941,1113,False
arthur_do_val,2022-02-28,-4,pre_crise,veiculo,11,2552,0.004310344827586207,2,0.7272727272727273,0.09090909090909091,0.18181818181818182,1113,False
arthur_do_val,2022-03-01,-3,pre_crise,aliado_do_alvo,66,1339,0.04929051530993279,5,0.6666666666666666,0.12121212121212122,0.21212121212121213,803,False
arthur_do_val,2022-03-01,-3,pre_crise,alvo,855,1339,0.6385362210604929,1,0.7099415204678362,0.09941520467836257,0.19064327485380117,803,False
arthur_do_val,2022-03-01,-3,pre_crise,demais,402,1339,0.30022404779686335,146,0.6293532338308457,0.13930348258706468,0.23134328358208955,803,False
arthur_do_val,2022-03-01,-3,pre_crise,instituicao_legitimadora,2,1339,0.0014936519790888724,2,0.5,0.0,0.5,803,False
arthur_do_val,2022-03-01,-3,pre_crise,outro,13,1339,0.009708737864077669,4,0.3076923076923077,0.23076923076923078,0.46153846153846156,803,False
arthur_do_val,2022-03-01,-3,pre_crise,veiculo,1,1339,0.0007468259895444362,1,1.0,0.0,0.0,803,False
arthur_do_val,2022-03-02,-2,pre_crise,aliado_do_alvo,180,1563,0.11516314779270634,4,0.7222222222222222,0.11666666666666667,0.16111111111111112,669,False
arthur_do_val,2022-03-02,-2,pre_crise,alvo,647,1563,0.41394753678822777,1,0.7156105100463679,0.09428129829984544,0.1901081916537867,669,False
arthur_do_val,2022-03-02,-2,pre_crise,demais,662,1563,0.4235444657709533,256,0.7009063444108762,0.11782477341389729,0.18126888217522658,669,False
arthur_do_val,2022-03-02,-2,pre_crise,instituicao_legitimadora,1,1563,0.0006397952655150352,1,1.0,0.0,0.0,669,False
arthur_do_val,2022-03-02,-2,pre_crise,lider_acusacao,19,1563,0.01215611004478567,1,0.3684210526315789,0.10526315789473684,0.5263157894736842,669,False
arthur_do_val,2022-03-02,-2,pre_crise,outro,50,1563,0.03198976327575176,4,0.82,0.06,0.12,669,False
arthur_do_val,2022-03-02,-2,pre_crise,veiculo,4,1563,0.0025591810620601407,2,0.75,0.0,0.25,669,False
arthur_do_val,2022-03-03,-1,pre_crise,aliado_do_alvo,149,1955,0.07621483375959079,4,0.7919463087248322,0.06040268456375839,0.1476510067114094,792,False
arthur_do_val,2022-03-03,-1,pre_crise,alvo,743,1955,0.3800511508951407,1,0.693135935397039,0.09825033647375504,0.20861372812920592,792,False
arthur_do_val,2022-03-03,-1,pre_crise,demais,736,1955,0.3764705882352941,294,0.654891304347826,0.10461956521739131,0.24048913043478262,792,False
arthur_do_val,2022-03-03,-1,pre_crise,instituicao_legitimadora,7,1955,0.0035805626598465474,3,0.8571428571428571,0.0,0.14285714285714285,792,False
arthur_do_val,2022-03-03,-1,pre_crise,lider_acusacao,3,1955,0.001534526854219949,1,0.6666666666666666,0.0,0.3333333333333333,792,False
arthur_do_val,2022-03-03,-1,pre_crise,outro,312,1955,0.15959079283887467,5,0.6794871794871795,0.10256410256410256,0.21794871794871795,792,False
arthur_do_val,2022-03-03,-1,pre_crise,veiculo,5,1955,0.0025575447570332483,2,0.6,0.0,0.4,792,False
arthur_do_val,2022-03-04,0,estopim,aliado_do_alvo,99,646,0.15325077399380804,4,0.7171717171717171,0.15151515151515152,0.13131313131313133,447,False
arthur_do_val,2022-03-04,0,estopim,alvo,268,646,0.4148606811145511,1,0.6977611940298507,0.17537313432835822,0.12686567164179105,447,False
arthur_do_val,2022-03-04,0,estopim,demais,228,646,0.35294117647058826,141,0.5877192982456141,0.17105263157894737,0.2412280701754386,447,False
arthur_do_val,2022-03-04,0,estopim,instituicao_legitimadora,13,646,0.020123839009287926,2,0.6923076923076923,0.23076923076923078,0.07692307692307693,447,False
arthur_do_val,2022-03-04,0,estopim,lider_acusacao,2,646,0.0030959752321981426,1,1.0,0.0,0.0,447,False
arthur_do_val,2022-03-04,0,estopim,outro,32,646,0.04953560371517028,3,0.65625,0.21875,0.125,447,False
arthur_do_val,2022-03-04,0,estopim,veiculo,4,646,0.006191950464396285,3,0.75,0.25,0.0,447,False
arthur_do_val,2022-03-05,1,pico,aliado_do_alvo,116,1118,0.1037567084078712,5,0.6637931034482759,0.1206896551724138,0.21551724137931033,819,False
arthur_do_val,2022-03-05,1,pico,alvo,402,1118,0.3595706618962433,1,0.7263681592039801,0.1318407960199005,0.1417910447761194,819,False
arthur_do_val,2022-03-05,1,pico,demais,532,1118,0.47584973166368516,317,0.693609022556391,0.17105263157894737,0.13533834586466165,819,False
arthur_do_val,2022-03-05,1,pico,instituicao_legitimadora,12,1118,0.01073345259391771,3,0.75,0.08333333333333333,0.16666666666666666,819,False
arthur_do_val,2022-03-05,1,pico,lider_acusacao,6,1118,0.005366726296958855,1,0.5,0.16666666666666666,0.3333333333333333,819,False
arthur_do_val,2022-03-05,1,pico,outro,21,1118,0.018783542039355994,3,0.7142857142857143,0.23809523809523808,0.047619047619047616,819,False
arthur_do_val,2022-03-05,1,pico,veiculo,29,1118,0.0259391771019678,3,0.6206896551724138,0.1724137931034483,0.20689655172413793,819,False
arthur_do_val,2022-03-06,2,declinio,aliado_do_alvo,102,1305,0.07816091954022988,5,0.6764705882352942,0.18627450980392157,0.13725490196078433,812,False
arthur_do_val,2022-03-06,2,declinio,alvo,688,1305,0.5272030651340996,1,0.6351744186046512,0.22529069767441862,0.13953488372093023,812,False
arthur_do_val,2022-03-06,2,declinio,demais,490,1305,0.37547892720306514,262,0.5489795918367347,0.24489795918367346,0.20612244897959184,812,False
arthur_do_val,2022-03-06,2,declinio,instituicao_legitimadora,5,1305,0.0038314176245210726,2,0.8,0.0,0.2,812,False
arthur_do_val,2022-03-06,2,declinio,lider_acusacao,5,1305,0.0038314176245210726,1,1.0,0.0,0.0,812,False
arthur_do_val,2022-03-06,2,declinio,outro,8,1305,0.006130268199233717,3,1.0,0.0,0.0,812,False
arthur_do_val,2022-03-06,2,declinio,veiculo,7,1305,0.0053639846743295016,2,0.5714285714285714,0.2857142857142857,0.14285714285714285,812,False
arthur_do_val,2022-03-07,3,declinio,aliado_do_alvo,68,915,0.07431693989071038,5,0.5588235294117647,0.29411764705882354,0.14705882352941177,651,False
arthur_do_val,2022-03-07,3,declinio,alvo,488,915,0.5333333333333333,1,0.6905737704918032,0.15368852459016394,0.1557377049180328,651,False
arthur_do_val,2022-03-07,3,declinio,demais,298,915,0.3256830601092896,193,0.5939597315436241,0.13758389261744966,0.2684563758389262,651,False
arthur_do_val,2022-03-07,3,declinio,instituicao_legitimadora,7,915,0.007650273224043716,3,0.8571428571428571,0.0,0.14285714285714285,651,False
arthur_do_val,2022-03-07,3,declinio,lider_acusacao,4,915,0.004371584699453552,1,1.0,0.0,0.0,651,False
arthur_do_val,2022-03-07,3,declinio,outro,7,915,0.007650273224043716,2,0.8571428571428571,0.14285714285714285,0.0,651,False
arthur_do_val,2022-03-07,3,declinio,veiculo,43,915,0.046994535519125684,3,0.6976744186046512,0.16279069767441862,0.13953488372093023,651,False
arthur_do_val,2022-03-08,4,declinio,aliado_afastado,146,1254,0.11642743221690591,4,0.7328767123287672,0.14383561643835616,0.1232876712328767,759,False
arthur_do_val,2022-03-08,4,declinio,aliado_do_alvo,14,1254,0.011164274322169059,1,0.42857142857142855,0.14285714285714285,0.42857142857142855,759,False
arthur_do_val,2022-03-08,4,declinio,alvo,397,1254,0.31658692185007975,1,0.7052896725440806,0.14105793450881612,0.15365239294710328,759,False
arthur_do_val,2022-03-08,4,declinio,demais,611,1254,0.48724082934609253,318,0.679214402618658,0.15220949263502456,0.1685761047463175,759,False
arthur_do_val,2022-03-08,4,declinio,instituicao_legitimadora,24,1254,0.019138755980861243,3,0.875,0.041666666666666664,0.08333333333333333,759,False
arthur_do_val,2022-03-08,4,declinio,lider_acusacao,5,1254,0.003987240829346092,1,0.6,0.2,0.2,759,False
arthur_do_val,2022-03-08,4,declinio,outro,8,1254,0.006379585326953748,2,0.5,0.5,0.0,759,False
arthur_do_val,2022-03-08,4,declinio,veiculo,49,1254,0.03907496012759171,3,0.8367346938775511,0.02040816326530612,0.14285714285714285,759,False
arthur_do_val,2022-03-09,5,declinio,aliado_afastado,110,1226,0.08972267536704731,4,0.5818181818181818,0.21818181818181817,0.2,837,False
arthur_do_val,2022-03-09,5,declinio,aliado_do_alvo,2,1226,0.0016313213703099511,1,0.5,0.0,0.5,837,False
arthur_do_val,2022-03-09,5,declinio,alvo,509,1226,0.41517128874388254,1,0.6954813359528488,0.17485265225933203,0.12966601178781925,837,False
arthur_do_val,2022-03-09,5,declinio,demais,536,1226,0.4371941272430669,331,0.667910447761194,0.14925373134328357,0.1828358208955224,837,False
arthur_do_val,2022-03-09,5,declinio,instituicao_legitimadora,22,1226,0.01794453507340946,3,0.7272727272727273,0.045454545454545456,0.22727272727272727,837,False
arthur_do_val,2022-03-09,5,declinio,lider_acusacao,3,1226,0.0024469820554649264,2,0.6666666666666666,0.0,0.3333333333333333,837,False
arthur_do_val,2022-03-09,5,declinio,outro,14,1226,0.011419249592169658,3,0.5,0.14285714285714285,0.35714285714285715,837,False
arthur_do_val,2022-03-09,5,declinio,veiculo,30,1226,0.024469820554649267,3,0.5666666666666667,0.13333333333333333,0.3,837,False
arthur_do_val,2022-03-10,6,declinio,aliado_afastado,77,989,0.07785642062689585,4,0.7662337662337663,0.06493506493506493,0.16883116883116883,678,False
arthur_do_val,2022-03-10,6,declinio,aliado_do_alvo,18,989,0.01820020222446916,1,0.8333333333333334,0.0,0.16666666666666666,678,False
arthur_do_val,2022-03-10,6,declinio,alvo,336,989,0.339737108190091,1,0.6309523809523809,0.15178571428571427,0.21726190476190477,678,False
arthur_do_val,2022-03-10,6,declinio,demais,489,989,0.49443882709807885,280,0.6298568507157464,0.18813905930470348,0.18200408997955012,678,False
arthur_do_val,2022-03-10,6,declinio,instituicao_legitimadora,13,989,0.01314459049544995,2,0.6153846153846154,0.07692307692307693,0.3076923076923077,678,False
arthur_do_val,2022-03-10,6,declinio,lider_acusacao,7,989,0.007077856420626896,2,0.5714285714285714,0.14285714285714285,0.2857142857142857,678,False
arthur_do_val,2022-03-10,6,declinio,outro,16,989,0.016177957532861477,4,0.5625,0.0625,0.375,678,False
arthur_do_val,2022-03-10,6,declinio,veiculo,33,989,0.033367037411526794,3,0.5454545454545454,0.030303030303030304,0.42424242424242425,678,False
arthur_do_val,2022-03-11,7,declinio,aliado_afastado,84,1252,0.0670926517571885,4,0.6428571428571429,0.2619047619047619,0.09523809523809523,761,False
arthur_do_val,2022-03-11,7,declinio,aliado_do_alvo,38,1252,0.03035143769968051,1,0.8421052631578947,0.07894736842105263,0.07894736842105263,761,False
arthur_do_val,2022-03-11,7,declinio,alvo,340,1252,0.2715654952076677,1,0.7088235294117647,0.12352941176470589,0.1676470588235294,761,False
arthur_do_val,2022-03-11,7,declinio,demais,656,1252,0.5239616613418531,322,0.6463414634146342,0.125,0.22865853658536586,761,False
arthur_do_val,2022-03-11,7,declinio,instituicao_legitimadora,27,1252,0.02156549520766773,4,0.6666666666666666,0.14814814814814814,0.18518518518518517,761,False
arthur_do_val,2022-03-11,7,declinio,lider_acusacao,56,1252,0.04472843450479233,2,0.8928571428571429,0.0,0.10714285714285714,761,False
arthur_do_val,2022-03-11,7,declinio,outro,12,1252,0.009584664536741214,1,0.5833333333333334,0.0,0.4166666666666667,761,False
arthur_do_val,2022-03-11,7,declinio,veiculo,39,1252,0.031150159744408944,2,0.6410256410256411,0.10256410256410256,0.2564102564102564,761,False
arthur_do_val,2022-03-12,8,declinio,aliado_afastado,90,1801,0.04997223764575236,4,0.5888888888888889,0.16666666666666666,0.24444444444444444,751,False
arthur_do_val,2022-03-12,8,declinio,aliado_do_alvo,31,1801,0.017212659633536923,1,0.6774193548387096,0.0967741935483871,0.22580645161290322,751,False
arthur_do_val,2022-03-12,8,declinio,alvo,417,1801,0.23153803442531926,1,0.7146282973621103,0.11990407673860912,0.16546762589928057,751,False
arthur_do_val,2022-03-12,8,declinio,demais,528,1801,0.29317046085508053,275,0.6571969696969697,0.12878787878787878,0.21401515151515152,751,False
arthur_do_val,2022-03-12,8,declinio,instituicao_legitimadora,670,1801,0.3720155469183787,5,0.753731343283582,0.14328358208955225,0.10298507462686567,751,False
arthur_do_val,2022-03-12,8,declinio,lider_acusacao,28,1801,0.015546918378678512,2,0.9285714285714286,0.03571428571428571,0.03571428571428571,751,False
arthur_do_val,2022-03-12,8,declinio,outro,4,1801,0.002220988339811216,1,0.5,0.5,0.0,751,False
arthur_do_val,2022-03-12,8,declinio,veiculo,33,1801,0.018323153803442533,3,0.42424242424242425,0.06060606060606061,0.5151515151515151,751,False
arthur_do_val,2022-03-13,9,declinio,aliado_afastado,111,1233,0.09002433090024331,4,0.7837837837837838,0.14414414414414414,0.07207207207207207,779,False
arthur_do_val,2022-03-13,9,declinio,aliado_do_alvo,11,1233,0.008921330089213302,1,0.8181818181818182,0.09090909090909091,0.09090909090909091,779,False
arthur_do_val,2022-03-13,9,declinio,alvo,300,1233,0.24330900243309003,1,0.7033333333333334,0.11666666666666667,0.18,779,False
arthur_do_val,2022-03-13,9,declinio,demais,633,1233,0.51338199513382,314,0.717219589257504,0.12164296998420221,0.16113744075829384,779,False
arthur_do_val,2022-03-13,9,declinio,instituicao_legitimadora,121,1233,0.09813463098134631,5,0.743801652892562,0.11570247933884298,0.14049586776859505,779,False
arthur_do_val,2022-03-13,9,declinio,lider_acusacao,3,1233,0.0024330900243309003,1,0.6666666666666666,0.3333333333333333,0.0,779,False
arthur_do_val,2022-03-13,9,declinio,outro,10,1233,0.008110300081103,3,0.4,0.1,0.5,779,False
arthur_do_val,2022-03-13,9,declinio,veiculo,44,1233,0.035685320356853206,3,0.7954545454545454,0.022727272727272728,0.18181818181818182,779,False
arthur_do_val,2022-03-14,10,declinio,aliado_afastado,53,820,0.06463414634146342,4,0.7924528301886793,0.11320754716981132,0.09433962264150944,386,False
arthur_do_val,2022-03-14,10,declinio,aliado_do_alvo,13,820,0.015853658536585366,1,0.5384615384615384,0.3076923076923077,0.15384615384615385,386,False
arthur_do_val,2022-03-14,10,declinio,alvo,198,820,0.24146341463414633,1,0.6060606060606061,0.1414141414141414,0.25252525252525254,386,False
arthur_do_val,2022-03-14,10,declinio,demais,495,820,0.6036585365853658,169,0.5515151515151515,0.2383838383838384,0.2101010101010101,386,False
arthur_do_val,2022-03-14,10,declinio,instituicao_legitimadora,7,820,0.00853658536585366,2,0.7142857142857143,0.14285714285714285,0.14285714285714285,386,False
arthur_do_val,2022-03-14,10,declinio,lider_acusacao,27,820,0.032926829268292684,2,0.07407407407407407,0.9259259259259259,0.0,386,False
arthur_do_val,2022-03-14,10,declinio,outro,2,820,0.0024390243902439024,2,0.5,0.5,0.0,386,False
arthur_do_val,2022-03-14,10,declinio,veiculo,25,820,0.03048780487804878,3,0.64,0.08,0.28,386,False
monark,2022-02-07,-1,pre_crise,alvo,1,1,1.0,1,1.0,0.0,0.0,2,True
monark,2022-02-08,0,estopim,aliado_do_alvo,9,1004,0.008964143426294821,1,0.6666666666666666,0.3333333333333333,0.0,717,False
monark,2022-02-08,0,estopim,alvo,142,1004,0.14143426294820718,1,0.5352112676056338,0.3028169014084507,0.1619718309859155,717,False
monark,2022-02-08,0,estopim,demais,472,1004,0.4701195219123506,340,0.5063559322033898,0.3580508474576271,0.13559322033898305,717,False
monark,2022-02-08,0,estopim,instituicao_legitimadora,335,1004,0.3336653386454183,11,0.4925373134328358,0.2865671641791045,0.2208955223880597,717,False
monark,2022-02-08,0,estopim,lider_acusacao,9,1004,0.008964143426294821,1,0.8888888888888888,0.0,0.1111111111111111,717,False
monark,2022-02-08,0,estopim,veiculo,21,1004,0.02091633466135458,3,0.6190476190476191,0.047619047619047616,0.3333333333333333,717,False
monark,2022-02-08,0,estopim,vitima_secundaria,16,1004,0.01593625498007968,1,0.6875,0.3125,0.0,717,False
monark,2022-02-09,1,pico,acusador,11,1500,0.007333333333333333,1,0.0,0.8181818181818182,0.18181818181818182,1111,False
monark,2022-02-09,1,pico,alvo,190,1500,0.12666666666666668,1,0.4421052631578947,0.4473684210526316,0.11052631578947368,1111,False
monark,2022-02-09,1,pico,demais,743,1500,0.49533333333333335,507,0.3553162853297443,0.49125168236877526,0.15343203230148048,1111,False
monark,2022-02-09,1,pico,instituicao_legitimadora,437,1500,0.29133333333333333,11,0.4645308924485126,0.43935926773455375,0.09610983981693363,1111,False
monark,2022-02-09,1,pico,lider_acusacao,10,1500,0.006666666666666667,1,0.9,0.1,0.0,1111,False
monark,2022-02-09,1,pico,veiculo,33,1500,0.022,3,0.45454545454545453,0.09090909090909091,0.45454545454545453,1111,False
monark,2022-02-09,1,pico,vitima_secundaria,76,1500,0.050666666666666665,2,0.4473684210526316,0.4868421052631579,0.06578947368421052,1111,False
monark,2022-02-10,2,declinio,acusador,1,980,0.0010204081632653062,1,1.0,0.0,0.0,517,False
monark,2022-02-10,2,declinio,alvo,189,980,0.19285714285714287,1,0.36507936507936506,0.3386243386243386,0.2962962962962963,517,False
monark,2022-02-10,2,declinio,demais,512,980,0.5224489795918368,243,0.298828125,0.248046875,0.453125,517,False
monark,2022-02-10,2,declinio,instituicao_legitimadora,154,980,0.15714285714285714,10,0.2012987012987013,0.2077922077922078,0.5909090909090909,517,False
monark,2022-02-10,2,declinio,lider_acusacao,2,980,0.0020408163265306124,1,0.5,0.5,0.0,517,False
monark,2022-02-10,2,declinio,veiculo,17,980,0.017346938775510204,3,0.058823529411764705,0.11764705882352941,0.8235294117647058,517,False
monark,2022-02-10,2,declinio,vitima_secundaria,105,980,0.10714285714285714,2,0.1523809523809524,0.11428571428571428,0.7333333333333333,517,False
monark,2022-02-11,3,declinio,acusador,1,803,0.0012453300124533001,1,0.0,1.0,0.0,658,False
monark,2022-02-11,3,declinio,alvo,305,803,0.37982565379825656,1,0.3836065573770492,0.5639344262295082,0.05245901639344262,658,False
monark,2022-02-11,3,declinio,demais,428,803,0.5330012453300125,285,0.3341121495327103,0.5677570093457944,0.09813084112149532,658,False
monark,2022-02-11,3,declinio,instituicao_legitimadora,40,803,0.049813200498132,10,0.25,0.6,0.15,658,False
monark,2022-02-11,3,declinio,lider_acusacao,1,803,0.0012453300124533001,1,0.0,1.0,0.0,658,False
monark,2022-02-11,3,declinio,veiculo,10,803,0.012453300124533,2,0.4,0.1,0.5,658,False
monark,2022-02-11,3,declinio,vitima_secundaria,18,803,0.0224159402241594,2,0.2777777777777778,0.3333333333333333,0.3888888888888889,658,False
monark,2022-02-12,4,declinio,acusador,1,576,0.001736111111111111,1,0.0,0.0,1.0,479,False
monark,2022-02-12,4,declinio,alvo,146,576,0.2534722222222222,1,0.3767123287671233,0.589041095890411,0.03424657534246575,479,False
monark,2022-02-12,4,declinio,demais,369,576,0.640625,240,0.3712737127371274,0.5745257452574526,0.05420054200542006,479,False
monark,2022-02-12,4,declinio,instituicao_legitimadora,21,576,0.036458333333333336,2,0.2857142857142857,0.6666666666666666,0.047619047619047616,479,False
monark,2022-02-12,4,declinio,veiculo,34,576,0.059027777777777776,2,0.3235294117647059,0.47058823529411764,0.20588235294117646,479,False
monark,2022-02-12,4,declinio,vitima_secundaria,5,576,0.008680555555555556,2,0.4,0.6,0.0,479,False
monark,2022-02-13,5,pos_rito,acusador,3,290,0.010344827586206896,1,0.6666666666666666,0.3333333333333333,0.0,279,False
monark,2022-02-13,5,pos_rito,alvo,60,290,0.20689655172413793,1,0.43333333333333335,0.5,0.06666666666666667,279,False
monark,2022-02-13,5,pos_rito,demais,195,290,0.6724137931034483,159,0.3230769230769231,0.5538461538461539,0.12307692307692308,279,False
monark,2022-02-13,5,pos_rito,instituicao_legitimadora,21,290,0.07241379310344828,7,0.19047619047619047,0.7619047619047619,0.047619047619047616,279,False
monark,2022-02-13,5,pos_rito,veiculo,5,290,0.017241379310344827,2,1.0,0.0,0.0,279,False
monark,2022-02-13,5,pos_rito,vitima_secundaria,6,290,0.020689655172413793,1,0.8333333333333334,0.16666666666666666,0.0,279,False
monark,2022-02-14,6,declinio,acusador,7,714,0.00980392156862745,1,0.42857142857142855,0.5714285714285714,0.0,574,False
monark,2022-02-14,6,declinio,alvo,302,714,0.42296918767507,1,0.4304635761589404,0.4370860927152318,0.13245033112582782,574,False
monark,2022-02-14,6,declinio,demais,354,714,0.4957983193277311,235,0.4322033898305085,0.4548022598870056,0.11299435028248588,574,False
monark,2022-02-14,6,declinio,instituicao_legitimadora,14,714,0.0196078431372549,2,0.5714285714285714,0.35714285714285715,0.07142857142857142,574,False
monark,2022-02-14,6,declinio,lider_acusacao,4,714,0.0056022408963585435,1,0.5,0.5,0.0,574,False
monark,2022-02-14,6,declinio,veiculo,30,714,0.04201680672268908,4,0.26666666666666666,0.3,0.43333333333333335,574,False
monark,2022-02-14,6,declinio,vitima_secundaria,3,714,0.004201680672268907,2,0.6666666666666666,0.3333333333333333,0.0,574,False
