caso,fase,papel,mencoes,contas,de_acusadores,de_defensores,de_neutros,mencoes_base,parcela
arthur_do_val,pre_crise,alvo,4789,1,0.697,0.105,0.198,10395,0.461
arthur_do_val,pre_crise,demais,3403,317,0.654,0.116,0.231,10395,0.327
arthur_do_val,pre_crise,outro,1349,5,0.678,0.11,0.212,10395,0.13
arthur_do_val,pre_crise,aliado_do_alvo,760,5,0.689,0.125,0.186,10395,0.073
arthur_do_val,pre_crise,lider_acusacao,46,1,0.5,0.261,0.239,10395,0.004
arthur_do_val,pre_crise,instituicao_legitimadora,24,3,0.875,0.042,0.083,10395,0.002
arthur_do_val,pre_crise,veiculo,24,2,0.708,0.042,0.25,10395,0.002
arthur_do_val,estopim,alvo,268,1,0.698,0.175,0.127,646,0.415
arthur_do_val,estopim,demais,228,141,0.588,0.171,0.241,646,0.353
arthur_do_val,estopim,aliado_do_alvo,99,4,0.717,0.152,0.131,646,0.153
arthur_do_val,estopim,outro,32,3,0.656,0.219,0.125,646,0.05
arthur_do_val,estopim,instituicao_legitimadora,13,2,0.692,0.231,0.077,646,0.02
arthur_do_val,estopim,veiculo,4,3,0.75,0.25,0.0,646,0.006
arthur_do_val,estopim,lider_acusacao,2,1,1.0,0.0,0.0,646,0.003
arthur_do_val,pico,demais,532,317,0.694,0.171,0.135,1118,0.476
arthur_do_val,pico,alvo,402,1,0.726,0.132,0.142,1118,0.36
arthur_do_val,pico,aliado_do_alvo,116,5,0.664,0.121,0.216,1118,0.104
arthur_do_val,pico,veiculo,29,3,0.621,0.172,0.207,1118,0.026
arthur_do_val,pico,outro,21,3,0.714,0.238,0.048,1118,0.019
arthur_do_val,pico,instituicao_legitimadora,12,3,0.75,0.083,0.167,1118,0.011
arthur_do_val,pico,lider_acusacao,6,1,0.5,0.167,0.333,1118,0.005
arthur_do_val,declinio,demais,4736,331,0.639,0.163,0.198,10795,0.439
arthur_do_val,declinio,alvo,3673,1,0.678,0.158,0.164,10795,0.34
arthur_do_val,declinio,instituicao_legitimadora,896,5,0.751,0.132,0.117,10795,0.083
arthur_do_val,declinio,aliado_afastado,671,4,0.694,0.162,0.143,10795,0.062
arthur_do_val,declinio,veiculo,303,3,0.66,0.079,0.261,10795,0.028
arthur_do_val,declinio,aliado_do_alvo,297,5,0.667,0.175,0.158,10795,0.028
arthur_do_val,declinio,lider_acusacao,138,2,0.71,0.21,0.08,10795,0.013
arthur_do_val,declinio,outro,81,4,0.593,0.148,0.259,10795,0.008
arthur_do_val,todas,alvo,9132,1,0.691,0.13,0.179,22954,0.398
arthur_do_val,todas,demais,8899,331,0.646,0.146,0.208,22954,0.388
arthur_do_val,todas,outro,1483,5,0.674,0.116,0.21,22954,0.065
arthur_do_val,todas,aliado_do_alvo,1272,5,0.684,0.138,0.178,22954,0.055
arthur_do_val,todas,instituicao_legitimadora,945,5,0.753,0.13,0.116,22954,0.041
arthur_do_val,todas,aliado_afastado,671,4,0.694,0.162,0.143,22954,0.029
arthur_do_val,todas,veiculo,360,3,0.661,0.086,0.253,22954,0.016
arthur_do_val,todas,lider_acusacao,192,2,0.656,0.219,0.125,22954,0.008
monark,pre_crise,alvo,1,1,1.0,0.0,0.0,1,1.0
monark,estopim,demais,472,340,0.506,0.358,0.136,1004,0.47
monark,estopim,instituicao_legitimadora,335,11,0.493,0.287,0.221,1004,0.334
monark,estopim,alvo,142,1,0.535,0.303,0.162,1004,0.141
monark,estopim,veiculo,21,3,0.619,0.048,0.333,1004,0.021
monark,estopim,vitima_secundaria,16,1,0.688,0.312,0.0,1004,0.016
monark,estopim,aliado_do_alvo,9,1,0.667,0.333,0.0,1004,0.009
monark,estopim,lider_acusacao,9,1,0.889,0.0,0.111,1004,0.009
monark,pico,demais,743,507,0.355,0.491,0.153,1500,0.495
monark,pico,instituicao_legitimadora,437,11,0.465,0.439,0.096,1500,0.291
monark,pico,alvo,190,1,0.442,0.447,0.111,1500,0.127
monark,pico,vitima_secundaria,76,2,0.447,0.487,0.066,1500,0.051
monark,pico,veiculo,33,3,0.455,0.091,0.455,1500,0.022
monark,pico,acusador,11,1,0.0,0.818,0.182,1500,0.007
monark,pico,lider_acusacao,10,1,0.9,0.1,0.0,1500,0.007
monark,declinio,demais,1663,285,0.352,0.447,0.201,3073,0.541
monark,declinio,alvo,942,1,0.394,0.482,0.124,3073,0.307
monark,declinio,instituicao_legitimadora,229,10,0.24,0.328,0.432,3073,0.075
monark,declinio,vitima_secundaria,131,2,0.191,0.168,0.641,3073,0.043
monark,declinio,veiculo,91,4,0.264,0.308,0.429,3073,0.03
monark,declinio,acusador,10,1,0.4,0.5,0.1,3073,0.003
monark,declinio,lider_acusacao,7,1,0.429,0.571,0.0,3073,0.002
monark,pos_rito,demais,195,159,0.323,0.554,0.123,290,0.672
monark,pos_rito,alvo,60,1,0.433,0.5,0.067,290,0.207
monark,pos_rito,instituicao_legitimadora,21,7,0.19,0.762,0.048,290,0.072
monark,pos_rito,vitima_secundaria,6,1,0.833,0.167,0.0,290,0.021
monark,pos_rito,veiculo,5,2,1.0,0.0,0.0,290,0.017
monark,pos_rito,acusador,3,1,0.667,0.333,0.0,290,0.01
monark,todas,demais,3073,507,0.375,0.451,0.174,5868,0.524
monark,todas,alvo,1335,1,0.418,0.458,0.124,5868,0.228
monark,todas,instituicao_legitimadora,1022,11,0.418,0.371,0.211,5868,0.174
monark,todas,vitima_secundaria,229,2,0.328,0.284,0.389,5868,0.039
monark,todas,veiculo,150,4,0.38,0.213,0.407,5868,0.026
monark,todas,lider_acusacao,26,1,0.769,0.192,0.038,5868,0.004
monark,todas,acusador,24,1,0.25,0.625,0.125,5868,0.004
monark,todas,aliado_do_alvo,9,1,0.667,0.333,0.0,5868,0.002
